files,language,blank,comment,code
1,Javascript,1353,1392,6010
1,Javascript,0,1,4
1,Javascript,1624,1267,6409
1,Javascript,192,1570,532
1,Javascript,1492,1430,6518
1,Javascript,1593,1236,5347
1,Javascript,0,10,1
1,Javascript,0,10,1
1,Javascript,1624,1267,6409
1,Javascript,272,1644,758
1,Javascript,1366,1446,6025
1,Javascript,0,1,4
1,Javascript,198,1580,561
1,Javascript,2,0,35
1,Javascript,2075,1863,7084
1,Javascript,9,11,48
1,Javascript,768,631,2842
1,Javascript,0,10,1
1,Javascript,0,10,1
1,Javascript,2,0,35
1,Javascript,1515,1504,6578
1,Javascript,1752,1718,6838
1,Javascript,7,11,51
1,Javascript,221,1610,667
1,Javascript,2,0,34
1,Javascript,1515,1504,6578
1,Javascript,1536,1487,6167
1,Javascript,6,10,40
1,Javascript,695,656,2198
1,Javascript,2,0,35
1,Javascript,1828,1629,6385
1,Javascript,8,10,37
1,Javascript,1549,1624,6634
1,Javascript,0,1,4
1,Javascript,787,636,2953
1,Javascript,0,10,1
1,Javascript,0,10,1
1,Javascript,1495,1432,6545
1,Javascript,2,0,35
1,Javascript,2073,1857,7078
1,Javascript,9,11,48
1,Javascript,2,0,35
1,Javascript,1515,1504,6578
1,Javascript,1547,1487,6171
1,Javascript,6,10,40
1,Javascript,1318,892,4673
1,Javascript,0,10,1
1,Javascript,0,10,1
1,Javascript,3,0,37
1,Javascript,1950,1725,6689
1,Javascript,8,9,40
1,Javascript,1071,785,4143
1,Javascript,0,10,1
1,Javascript,0,10,1
1,Javascript,1368,1449,6025
1,Javascript,0,1,4
1,Javascript,1593,1236,5347
1,Javascript,0,10,1
1,Javascript,0,10,1
1,Javascript,2,0,36
1,Javascript,1515,1504,6578
1,Javascript,1762,1739,6850
1,Javascript,7,11,51
1,Javascript,302,2365,817
1,Javascript,1658,1384,5939
1,Javascript,3,0,38
1,Javascript,1926,1686,6608
1,Javascript,8,10,37
1,Javascript,299,2318,804
1,Javascript,2,0,34
1,Javascript,1515,1504,6578
1,Javascript,1523,1463,6125
1,Javascript,6,10,40
1,Javascript,1152,783,4305
1,Javascript,0,10,1
1,Javascript,0,10,1
1,Javascript,2,0,35
1,Javascript,2077,1865,7084
1,Javascript,9,11,48
1,Javascript,2,0,35
1,Javascript,1515,1504,6578
1,Javascript,1547,1487,6171
1,Javascript,6,10,40
1,Javascript,1601,1292,5423
1,Javascript,3,0,37
1,Javascript,1950,1725,6689
1,Javascript,8,9,40
1,Javascript,1607,1308,5459
1,Javascript,191,1534,524
1,Javascript,1648,1365,5852
1,Javascript,2,0,35
1,Javascript,1828,1627,6376
1,Javascript,8,10,37
1,Javascript,1516,1489,6550
1,Javascript,1544,1596,6649
1,Javascript,0,1,4
1,Javascript,1641,1280,6483
1,Javascript,272,1644,758
1,Javascript,1630,1254,6382
1,Javascript,1515,1504,6578
1,Javascript,766,626,2849
1,Javascript,0,10,1
1,Javascript,0,10,1
1,Javascript,1648,1365,5852
1,Javascript,1485,1387,6355
1,Javascript,2,0,35
1,Javascript,1515,1504,6578
1,Javascript,1548,1491,6171
1,Javascript,6,10,40
1,Javascript,2,0,35
1,Javascript,1829,1624,6378
1,Javascript,8,10,40
1,Javascript,766,626,2849
1,Javascript,0,10,1
1,Javascript,0,10,1
1,Javascript,2,0,35
1,Javascript,1824,1612,6378
1,Javascript,8,10,37
1,Javascript,2,0,35
1,Javascript,2074,1862,7079
1,Javascript,9,11,48
1,Javascript,3,0,37
1,Javascript,1889,1660,6525
1,Javascript,8,10,37
1,Javascript,1450,905,4824
1,Javascript,0,10,1
1,Javascript,0,10,1
1,Javascript,190,1525,514
1,Javascript,1547,1621,6632
1,Javascript,0,1,4
1,Javascript,1071,785,4143
1,Javascript,0,10,1
1,Javascript,0,10,1
1,Javascript,1656,1377,5903
1,Javascript,2,0,35
1,Javascript,1515,1504,6578
1,Javascript,1772,1699,6866
1,Javascript,7,11,51
1,Javascript,1482,1398,6421
1,Javascript,674,618,2116
1,Javascript,3,0,38
1,Javascript,1932,1697,6624
1,Javascript,8,9,39
1,Javascript,1672,1181,6193
1,Javascript,306,1985,825
1,Javascript,197,1580,561
1,Javascript,2,0,35
1,Javascript,1828,1629,6385
1,Javascript,8,10,37
1,Javascript,3,0,37
1,Javascript,1988,1802,6798
1,Javascript,9,9,42
1,Javascript,2,0,35
1,Javascript,2077,1865,7085
1,Javascript,9,11,51
1,Javascript,3,0,37
1,Javascript,1988,1810,6800
1,Javascript,9,9,42
1,Javascript,1089,790,4199
1,Javascript,0,10,1
1,Javascript,0,10,1
1,Javascript,3,0,38
1,Javascript,1931,1691,6622
1,Javascript,8,9,39
1,Javascript,1365,1421,6043
1,Javascript,0,1,4
1,Javascript,2,0,36
1,Javascript,1515,1504,6578
1,Javascript,1761,1735,6850
1,Javascript,7,11,51
1,Javascript,1671,1180,6193
1,Javascript,3,0,37
1,Javascript,1871,1654,6512
1,Javascript,8,10,37
